TriggerNum,Time
Task1,12.3687
ReachRedLollipop1stTime,0.9867611
Task2,13.52308,45.39146,Task2
Task2,14.24195,46.11034,Task2
Task2,14.65097,46.51935,Task2
Task2,15.16137,47.02975,Task2
Task2,16.56152,48.4299,Task2
Task2,17.16177,49.03016,Task2
Task2,17.44192,49.3103,Task2
Task2,18.20202,50.0704,Task2
Task2,18.76195,50.63034,Task2
Task2,20.0419,51.91028,Task2
Task2,21.81498
ReachGreenLollipop1stTime,0.2663765
Task3,13.44067
TotalTime68.24724ThrowingObjects,6.988258,75.23172,ThrowingObjects
ThrowingObjects,7.002403,75.24586,ThrowingObjects
ThrowingObjects,7.08316,75.32662,ThrowingObjects
ThrowingObjects,7.14962,75.39308,ThrowingObjects
ThrowingObjects,9.880844,78.12431,ThrowingObjects
ThrowingObjects,10.08318,78.32664,ThrowingObjects
ThrowingObjects,10.14782,78.39128,ThrowingObjects
ThrowingObjects,12.96149,81.20495,ThrowingObjects
ThrowingObjects,12.98787,81.23133,ThrowingObjects
ThrowingObjects,13.24316,81.48662,ThrowingObjects
ThrowingObjects,15.88116,84.12463,ThrowingObjects
ThrowingObjects,16.19013,84.43359,ThrowingObjects
TotalTime86.22978