TriggerNum,Time
Task1,47.79346,47.79346,Task1
Task1,47.79569,47.79569,Task1
Task1,9.595291
ReachRedLollipop1stTime,1.027077
Task2,16.94856
ReachGreenLollipop1stTime,1.751862
Task3,11.35498
TotalTime88.98069ThrowingObjects,6.89502,95.87174,ThrowingObjects
ThrowingObjects,6.897301,95.87402,ThrowingObjects
ThrowingObjects,7.136383,96.11311,ThrowingObjects
ThrowingObjects,7.896095,96.87282,ThrowingObjects
ThrowingObjects,8.376144,97.35287,ThrowingObjects
ThrowingObjects,9.893822,98.87054,ThrowingObjects
ThrowingObjects,9.896019,98.87274,ThrowingObjects
ThrowingObjects,10.2004,99.17712,ThrowingObjects
ThrowingObjects,10.60237,99.57909,ThrowingObjects
ThrowingObjects,10.88084,99.85756,ThrowingObjects
ThrowingObjects,12.96102,101.9377,ThrowingObjects
ThrowingObjects,12.9632,101.9399,ThrowingObjects
ThrowingObjects,13.00109,101.9778,ThrowingObjects
ThrowingObjects,13.00338,101.9801,ThrowingObjects
ThrowingObjects,15.93457,104.9113,ThrowingObjects
ThrowingObjects,15.93681,104.9135,ThrowingObjects
TotalTime106.962