TriggerNum,Time
Task1,13.7407513.74075
Task1,13.7473613.74736
Task1,13.7494813.74948
Task1,15.3493715.34937
Task1,21.387321.3873
Task1,21.7208921.72089
Task1,21.8673721.86737
Task1,11.34387
ReachRedLollipop1stTime,1.263393
Task2,8.950026
ReachGreenLollipop1stTime,1.747829
Task3,7.438446
TotalTime45.11298ThrowingObjects,6.8543451.96356
ThrowingObjects,6.93565852.04488
ThrowingObjects,7.1223652.23158
ThrowingObjects,7.17461452.28383
ThrowingObjects,9.88083654.99006
ThrowingObjects,10.097155.20632
ThrowingObjects,10.1382555.24747
ThrowingObjects,10.1405455.24976
ThrowingObjects,10.8152555.92447
ThrowingObjects,10.9331156.04233
ThrowingObjects,12.8812157.99043
ThrowingObjects,12.934658.04382
ThrowingObjects,13.2034258.31264
ThrowingObjects,13.2555558.36477
ThrowingObjects,15.8814160.99063
ThrowingObjects,16.2433561.35257
TotalTime63.09478