TriggerNum,Time
Task1,29.5787429.57874
Task1,29.5810129.58101
Task1,30.0723930.07239
Task1,31.8585431.85854
Task1,31.9520431.95204
Task1,38.0988538.09885
Task1,22.68989
ReachRedLollipop1stTime,1.54644
Task2,22.08155
ReachGreenLollipop1stTime,0.3070412
Task3,59.46973
TotalTime124.3213ThrowingObjects,7.095543131.413
ThrowingObjects,10.01258134.3301
ThrowingObjects,11.16175135.4792
ThrowingObjects,12.96043137.2779
ThrowingObjects,13.25594137.5734
ThrowingObjects,15.96024140.2777
ThrowingObjects,16.08001140.3975
ThrowingObjects,16.13338140.4509
TotalTime142.3156