TriggerNum,Time
Task1,12.67642
ReachRedLollipop1stTime,1.280727
Task2,18.09382
ReachGreenLollipop1stTime,3.748009
Task3,19.6406
TotalTime99.83028ThrowingObjects,7.082558,106.909,ThrowingObjects
ThrowingObjects,7.150131,106.9766,ThrowingObjects
ThrowingObjects,9.907654,109.7341,ThrowingObjects
ThrowingObjects,9.909859,109.7363,ThrowingObjects
ThrowingObjects,10.18853,110.015,ThrowingObjects
ThrowingObjects,13.02788,112.8543,ThrowingObjects
ThrowingObjects,13.03011,112.8566,ThrowingObjects
ThrowingObjects,13.03236,112.8588,ThrowingObjects
ThrowingObjects,13.03468,112.8611,ThrowingObjects
ThrowingObjects,16.18929,116.0157,ThrowingObjects
TotalTime117.8118