TriggerNum,Time
Task1,14.66273,14.66273,Task1
Task1,25.77277
ReachRedLollipop1stTime,0.9999046
Task2,12.68127
ReachGreenLollipop1stTime,1.225861
Task3,9.559284
TotalTime65.71333ThrowingObjects,7.087563,72.79705,ThrowingObjects
ThrowingObjects,7.148628,72.85812,ThrowingObjects
ThrowingObjects,9.840012,75.5495,ThrowingObjects
ThrowingObjects,10.36252,76.07201,ThrowingObjects
ThrowingObjects,12.90747,78.61696,ThrowingObjects
ThrowingObjects,13.57645,79.28593,ThrowingObjects
ThrowingObjects,13.92287,79.63236,ThrowingObjects
ThrowingObjects,15.85537,81.56486,ThrowingObjects
ThrowingObjects,16.77761,82.4871,ThrowingObjects
ThrowingObjects,17.342,83.05148,ThrowingObjects
TotalTime83.69585